1R0UdnMX8z4frOLgqMrrdqDiQugfGkV8M,Anh bia lot.jpg
1BHNYMCgOw2Wx9jh9m11Zfwz6rOsYZVkS,Anh chuong I.jpg
1kK4uWKkGXzfkn9YRebvisLqB1jTGf3BK,Anh chuong V.jpg
1hwSYAX_bHK1Gqvfjb-iGq5RoBMbtbpmw,Anh dau PL.jpg
1oTiiy_V8gHh4x0GGs62ZB4fBxuw3UMh5,Anh chuong IV.jpg
1qAWj5Q7PxqF4tV_5TGZZCInZMkkdj1ha,Anh chuong III.jpg
1tXqfUuke8qxGDBtCZL95eRjkKT1cwxL9,Anh 0c.jpg
1GWIjAE0uYBfk3FUDmAolF_tqJOTtRN6D,Anh 0d.jpg
1UdC-mU1qsdED37yhrq2Q45GxBz_x5ICI,Anh 0b.jpg
1EfHS3f7vn03pUAF1mKBl6-F0xoz2OZQG,Anh 0a.jpg
1BwVX-o8hjnuGqVJEPonya39DCPfe1CrQ,Anh 56b.jpg
1OjQ4IqEzKjGcbRyP8_Jkcufx_7nexySa,Anh 36b.jpg
1T4XiBDPmkB2JOQPaE1MEDRKqv_4o9e6U,Anh 56a.jpg
1mNEKze1PP5-5jmt4kMZWjeobBqoqtOow,Anh 28.jpg
1xfoHdAZnEXPFplEW_eljKAVMcCUY8bfl,Anh 51.jpg
10q556v4RwUpvxQSMcu1GBNmRwMj99ZZz,Anh 50.jpg
1llo1Icmm6hnpYggPQLNn3O5swU8zoURt,Anh 82a.jpg
1LMzRyzkYk3vvgo_B9FNj6xC2uCRRhrqD,Anh 67.jpg
1M3aE-mRJ_Eoe5JymhaDBuxzFTCAnuRoS,Anh 13.jpg
1ireSedjoOMPU1dhMnThHsKMeaUWQl9BB,Anh 57a.jpg
1OmrllfCAXB6iICEdAOQDX4oyPwKeWTYB,Anh 03.jpg
1tGO_OK0EQdHvjzFROHnB9SA1x_A1al-i,Anh 36a.jpg
1m5ZdNWq2UGNxrtjqg_DbngToAX2Wmq5_,Anh 44.jpg
1A4-SFlm8Wak2kHCKM618_FdHmbZ8WCBB,Anh 29.jpg
15EKtJyMJirEhq28yxnpwNWgoQMcdm0s1,Anh 35a.jpg
1raODbytZ2Nh3ToJXtd-SZOih0ZCtc8mF,Anh 73.jpg
1FnKISshfTtBz2lEvVKXuJiB_cqV1ocNI,Anh 78.jpg
1y9Xrur-n1hCDH1C_M-85Gk9DpApESG1C,Anh 56c.jpg
1vyZNhxtpU1hFZZ8JdxVRMeoel9mNie5R,Anh 37b.jpg
1_08H_SdNRLzlWLdrvnakO9b86hoYj1sx,Anh 80b.jpg
1ScSvfAqJMMO7BZz8DiugguxujHGd8mb_,Anh 81a.jpg
1alwoAqofpwQYo477C8X6GTGTXZ6l2SmH,Anh 34.jpg
1Zv8chiHpLGspJP9wEdqU50TTfXDxcfZt,Anh 37a.jpg
11eo7FFxC-dPvUPXLoI4OuBuuNAIZlfdT,Anh 75.jpg
1_SK2A0imYlB65VdIwZNX0buCUS5sBdre,Anh 04.jpg
1rf-NrijpAL3QaEqHZtHvhTtM0Szp4iSX,Anh 80a.jpg
1mTII_uUUqQWhlY9DmBHrkXvaibY8frsn,Anh 57b.jpg
17lcGwZKkWqpeeXmWlMF3iPh_VDsTnrM4,Anh 35b.jpg
1UYZp8WkXorRNxq7lFaGAVlGkp4gTA14X,Anh 53.jpg
1AhaMYtrYwM02dQPlfekGk3ZKcDJChKfl,Anh 17.jpg
1_EbIz-u6bFJL2zb6P88yPFEQON5eJrQR,Anh 71.jpg
1k0TG9j51aRptXbaIBI_mxj0MNiwcjuQY,Anh 41.jpg
1MxxJO0fIc_Un6un13zJJ8BA3gJ0wLPVt,Anh 30.jpg
1hqL4RmhxZ8qRwmLTVrNo6kEW0LMqaVMD,Anh 59.jpg
1MybM1lhuaeeY6dMqhhhr-0DU5Cm6DI-V,Anh 82b.jpg
1yAk_2TiZ307ct1E4rryaSVhEf7CVXjOA,Anh 69.jpg
1eM5wYZAeEPYuCQ9xcTKutaQ1K12wMSj9,Anh 38b.jpg
1NABFVl0nQdvHh0epHykctmKYf1OwqPNV,Anh 02a.jpg
1N2qk8qm-ivciSY6UH4YOQRuhw3QnyGn_,Anh 43.jpg
1MYM6doCq_oPJbpOvCfVfm_AK-9yPUYj5,Anh 81b.jpg
1HlsmaA9ALVcEi0SsfJymqgR4cOGAXyx1,Anh 49.JPG
1J2eQVe0NQ6dCLtXNKL5Emdx4QwyuoYcF,Anh 08.jpg
1hRAzkXI_6Au93S1Zr4SeRJsJq5ZqkuEd,Anh 05.jpg
10zZq7dsAcdC-NP1QXqykx2O97qNmdwme,Anh 52.jpg
1QV3n4NX3tlMqLhPKbQ5NGpacOEkClBKE,Anh 47.jpg
1Vq2P039x-PV4QJ87xk_G2KgYCE7qiuk1,Anh 33.jpg
1lgoH6u63LxuMW08RLuONzRLIdFvNm-jY,Anh 58b.JPG
1IlzHCbzHl1w3vtRBBNFihvgFqDDbdSgg,Anh 46.jpg
1bYckPj5erP0QWFElk1RqNhQWNtW4nHlM,Anh 32.jpg
1-qwPAPq0oooysbysDr2L0sLwltDM44tX,Anh 40.jpg
1GkWIzMf-SPh0pT60_DuBu6PJ8cT5x_JT,Anh 18c.jpg
15BjVNZRGvoX9Sb1DCVjEVUp-8gyMQJK2,Anh 54.jpg
1suODiJD2g4Rnm8vV8zZBeuzqWn7184vM,Anh 21.JPG
13_gNQPebih5y9oRMhFFsRjGGu_UfvdaX,Anh 55.jpg
12zxGpPgj4JzvdyWv_bYcvfb_kMghegQm,Anh 19a.JPG
1O9Gid8V4JoSOV9ZNK_bnfieTK_QBqO7T,Anh 11.jpg
1rTw8k36HZZ-3apM3FY9MqyvovO3IjKHR,Anh 70.jpg
1cHxfj9Ps5HlvIfjKBos2vho_LD3GOU68,Anh 18a.jpg
136LaCuOnKyfRM0UyOCDq5W3fvhI3gBJU,Anh 31.jpg
1atUXLGdgZTVnDJSR32xmxP_IoHjH_iTy,Anh 27.JPG
1lQXaLQ7wdiDmYxy_OfXzCbALglX4RvST,Anh 18b.jpg
1jHFq9WMBfhl5zT6b_RcErjkKS6cUp3Nf,Anh 07a.jpg
1PKbhr0d8ygspxdhL0g8glWRiJk9K5J5K,Anh 12a.jpg
1gigQjn3oBNYAPEWfG2L2JelJKXLsk-AI,Anh 72.jpg
1aaD9jw-Qkzq33pd82DAhdn6fR9SPqn6q,Anh 02b.JPG
1_lYxZHgqW91Ji2re3C4De-FRzoSNVP--,Anh 23.JPG
16YpYeJr-DhT2Xp3MNUIO-Zym7OmBFCNo,Anh 38a.jpg
1iPewsopdtsOp8iZ7KcPmHfioD2HgnNpK,Anh 45.jpg
1KHJTdk3AIpZW3jscryS82ProLR_8ViO2,Anh 12b.jpg
1Nq1WI4FWtUUFw4EXPJQoGkAfalvbd3jA,Anh 16.jpg
1w0W8FRQiEUjGAxsulmmyfgj4RBD_XSX0,Anh 19b.JPG
1JvTO8Wo-Xu8Voh3vgjthVXFVbxmJilZf,Anh 06a.jpg
1h6MovTcdABGwOYRkMQyyrdo0fxLykKhr,Anh 09.JPG
1J4Lg758C2hByRLImP1L23ZUItN9vB4_K,Anh 79.jpg
10Hqkfv6Y9bbFgRQJC6xhXqgP_8myiDQh,Anh 06b.jpg
1WwD9xE0Oo9sSkuds5aFS1i1xE1gN15aJ,Anh 58a.JPG
1oiz_QZcUlnDTLX9Dyfty4Ki98ExKRo6F,Anh 26.JPG
1-zhYCtDkaZKXLJSbbjib9uEv36yIGCDX,Anh 20.JPG
12n30QpOSd8VHGOZT0q2d14EhbH4V9AS6,Anh 24.JPG
1x-IvKiRw7KvQchsZKhDlHjufPgzsfGwE,Anh 68.JPG
1TT-spAXuNJwzHnoZAjb7X9dRFYVCpTEV,Anh 42.JPG
16ejztfXTRSqNYgOXTUF-D6j8NHOqU5Mt,Anh 39.JPG
1Uej9DUSKN5qmHva4Kqx_5N4re4fJgRAy,Anh 63.JPG
1oas3y9k2f39j6E32wOfrg-4_aTNZkOpF,Anh 62b.JPG
1m2hpnixa13f9SlQf30Ldy9HCpXbOP3up,Anh 01.JPG
1RD7427n9LYifbDbpfQzu3_j6Z7pu4q5v,Anh 65.JPG
1NX8-pFKMpGyZHkqZCaiChhMfVOyy9m2G,Anh 07b.jpg
11yiFczFkZhlrb189j8N8JKezGs0JxP6i,Anh 77.JPG
1UODxO08tCHVKwJ0OUvF2gnLZRuA60qaQ,Anh 15.JPG
15t6UZQaOHS3xAqzLMmpnV6oZt9vu4Jlg,Anh 64.JPG
1etJM6t37AwAjFTRTdbT1jBk4PcWrqugU,Anh 22.JPG
1RD8XYZM03-qiuAJBapvbW8t8J1BV-NBB,Anh 60.JPG
1bgncfNMhi9v6UXpYGDSER2KzKwZGrb2w,Anh 76.JPG
1IvaehI-09VcyOzFC8fvg5CvUa70NC2Yl,Anh 14.JPG
1Y323mOfL_9zkxC01byWJd1jvUkgrs_HN,Anh 61.JPG
1RKcUstxwR31f2XUvl9mhf10FhxXeqW9j,Anh 25.JPG
14d9WJDegRLxNpQuVYNMXvuHkBZc4isdk,Anh 62a.JPG
1vB4sJPoZj1KdJWnWLQry41tcJH4TGxfy,Anh 74.JPG
1kf9lZ-ssZz2kADlcN5j7DFyaZ_c4m3Lj,Anh 10.JPG
1STWd-bWlNpTqTTa7OkvOxJ-bBDwSWuiG,Anh 48.JPG
1vS6U6LXJH0AAs7R4di4OvjZz7Ytde7vs,Anh 66.JPG
13AkvujRsCGfyV5_HZ0aCdzCbcYI2Qcys,Anh 26b.jpg
10ywF80nHyU6IqZ8nf704udAgYC-AefcG,Anh 32.jpg
1hpJylJf807KqUtphezmMJt9pOjuKSXNa,Anh 01.jpg
1WEAM3aEVarMim5QNIAFvAi53D5vbCXbr,Anh 02.jpg
1fvlerShIxm_dwycxB_wl2-q7PQ4BjVLr,Anh 07.jpg
1CQ00DWfLClOQXqda-b0Z9cuD1S4KKAFq,Anh 25a.jpg
1U_z2We3C3BEmW1M71SZW3L4ICHMWO0uP,Anh 19.jpg
19cXTnsPPD9yDzH_zSKae2TcQ0yGVho9v,Anh 16.jpg
1LXBr3xB0Bm4p0T2t7PBXPzcTtYntBWRh,Anh 03.jpg
1YVXU-iV4d31l4Fy1bkuLmddUajiDsfC0,Anh 09.jpg
1UHBSrtwoLhwh6SYWToZUhgsgLQk6c3lm,Anh 12.jpg
10XiVaRU91aBvkxL6IqeyVpSxeCRnjwur,Anh 29.jpg
1-SZPY__DilzLc8zwGh7LKqiTboACRrAW,Anh 21.jpg
1vAccCc0LmIf3DVgBToqrSIFHehk3d9Nr,Anh 13.jpg
1JhS-cnSbXuFrMeQgrrFMjYIrES8NrP7i,Anh 18.jpg
1bCaNM0WvRyl8_P45nE-ECU5yw_iP-2g_,Anh 08.jpg
1uAYXB3BwKl_IN77ewY-ze3NjUdd7p_tX,Anh 22a.JPG
1f8E6jvJml-N0cLi2TkAKWc9hT1QEM8To,Anh 27b.jpg
11-KkId6mFpuvRc5epl_t45HyCEFAppOt,Anh 20.jpg
1Iu0rAz4vKHQ5Is4nHKHimCoUobfjFZDP,Anh 28.JPG
1OpekgJ2EopcLag4xvifxA2-jBsAxH_iv,Anh 25b.jpg
1BQprU_YcRfmCZvnnKGygT6S6mR_FYPV9,Anh 05.jpg
1VFDl54PiTwlJhujMR9nOzDyFkuuHvfE6,Anh 22c.jpg
1uVxwrtdFPhcuQAEHMsoeXyLn-48DWV21,Anh 11.jpg
1oeS4t07fyMIediySF6uMbmgcDdVkx4Dc,Anh 10.jpg
1XsSOp5lJeoUFmiufqeqzjnoTqxCQMANk,Anh 17.jpg
1fLLQawmI9oeEJ9sb630JR5DNMFGbSt8n,Anh 27a.jpg
1SvtaXj8Xjr_dpB5gV7UpsbUBXyNM6dT1,Anh 06.jpg
19uQIgtbflzsSHNnUQVqqt7uqpx1av1bW,Anh 04.jpg
1r3RrfLYDpLJgbtALLCMEFgE9M4lViAIH,Anh 14.jpg
1YKB_a-6_KQ6x8cWjB86O2W2Lu8dlciWy,Anh 15.jpg
1eZIF_xwHCOa1LNBXzmiWsMvLMy1rywPq,Anh 30.JPG
185WnajmAe636MHnFIvNGyHESkwi-sBHv,Anh 23.jpg
1wTyP1jYmd2tl9CN0lp7mx_2hPKEqAGMA,Anh 35.jpg
1LmTuq-vw6QAGUJH7fwTTWVcJhOye06Cv,Anh 34.JPG
1G10RBjFHmbi4888ujMzYY5gndD3qanC2,Anh 22b.jpg
1OrdAxOPdJouk0EUsn8gLkucnlM_hW1Tv,Anh 31.jpg
1vsmxexrERZ06r2a1L6Yow1qOf4T-HfeO,Anh 33.jpg
1QtQx0TIs-8IhCYm1gWzYPJLoL74Vxb9z,Anh 24.jpg
1y44ZWgQYwvhODs8H_Lv_oPV0gvX64x4V,Anh 26a.jpg
1oG_dp-6fUN7qvPCUuCR3np-hBZzdIRsi,Anh 11.jpg
1G9GylfXhNKrEl6WrJl2YwfnZFmIhf9Zo,Anh 08.jpg
1u3JLT060n_bGaGOWVy0IYxnrUokpRnKg,Anh 30.jpg
1Yk4nCoauGFKkjJcaYG_By44dEzX5rOYz,Anh 25.jpg
1UshyYYZXUE4hMu5jCx1A8iSrMIfHhneX,Anh 06.jpg
1EG_XYtGbpVZRnhLj87bkEiOuSltyXzcx,Anh 28.jpg
1Y9SCZyQY20YXP4RjR6ynYCTAQQw9rZFj,Anh 42.jpg
1_hae4Q12z8jIzpDflbPkRrDagnBJjJwa,Anh 44.jpg
1ypy8CD47jPUmzytLo-jIe1wZUPVJvDZ5,Anh 05.jpg
1GZqojwM7O3abnWGhv6psY6d0GDurg2tB,Anh 27.jpg
1JWscRjABsvG8j-gdjk9mE0BG8Q0maczG,Anh 26.jpg
1J2ACrcqiCNGk8szoH9cfxkZlCcszw2zY,Anh 14.jpg
1uPBpREdt9edcVliaPDxC_n8tHjSKpHvN,Anh 35b.jpg
1RUqPU9ha5b91l1pC_QA_E8j8i_auvTNp,Anh 09.jpg
1cQSTraeQ5Igkhvauyii2K2Euqb0V1nX6,Anh 04.jpg
1xWAatdVU0dPQaahOhN9aP_Lt1eb9zjA6,Anh 22.jpg
1ys9QsSo9W4rF9FZ6NB4IsbqX6gqBBCBb,Anh 03.jpg
1QJjVS_OZnt7BygViIlC9Khi0bKnl3Qf1,Anh 13.jpg
1AfpQDtXJoOQdUwkHh0kSnxKsPaEGWdwc,Anh 15.jpg
1FNPkbqK9PACfQfvWKZe4-Nv-Ypi7kvKB,Anh 01.JPG
1FQdV9ZooM2fvF1vnH_xthX-61qHmg16j,Anh 02.jpg
1kLT6SKpNecZ4Bz7Gov57mMkUnCf7WsFl,Anh 32.jpg
1AG7RBQLIsDLFWZK--Lyjbd60MnAk5qPn,Anh 10.jpg
1_yZ_0LWfv9Cuh_K2wSBv7a4AWHSk7_gy,Anh 33.jpg
1UylyVTd-BfinZf4V0MxmnmmVDMjEX51E,Anh 07.jpg
160zB5I881dUEViQlyD6rinVqUafdNPQe,Anh 18.JPG
1fiduiu7fsd3424wnRHtYZGVPQvUKxwp-,Anh 16.JPG
1yAdWBSfL0usualw5xPVoS3LaHDGuAu7C,Anh 31.jpg
1ynjM2tSiFILkCfkCW8uzphOrtBoin5kh,Anh 41.jpg
1Ks-01GFx1oaqPtEy0btThZocmzpZKQQJ,Anh 29.jpg
1dvlMqQNqutWIKO1nF3HpV7jVFok1rHzz,Anh 40a.jpg
13HuCAn1PEZAowO0LT3EFP1zMS-BtOAsV,Anh 49.jpg
1ERcfp0qrtNtj3khBp4eDvDKW3sXO8czF,Anh 23.jpg
1BAvJG5v5hEHbJ3rBaSnRSXYw2cPjMYC7,Anh 37.jpg
1swM_KGsVCEs1Vi9MzntgjWQ8Wmpwii2c,Anh 43.jpg
1lLuwD_e1N5MX3nxK2EcJsr-5dN1mdtM2,Anh 17.JPG
12ClGnlrvETX5lcw1aFLFI8HQDvw-sXbs,Anh 34.jpg
1F3e3VVYafCgUJXhnLAUHApS5ZWR63Kd7,Anh 21.jpg
1uH8uLSGMhT9RiNZIAseUZrgGZTwZJJGH,Anh 12.jpg
1zAJN8QYnlsla5b4r305HTETdjfTjMsmO,Anh 48.jpg
1KCfGa4fCBa18a_kkFiVVMvhFrilJtt6J,Anh 38.JPG
19EomqgoMZLKJN4sQREsgx1r8r1bpdxfM,Anh 46.jpg
1DXsvN_sDVv7ZKPIKASXUyVxiv3q9bxv-,Anh 19.JPG
1cmWmZ2qy8sFmiEol9zcXPIQiMbgRosM4,Anh 50.jpg
1aKB8QIUos8ij0XFNMdUNtxNRcMapWRmu,Anh 20.jpg
1jvsre_1TJzsNl0qiRxux9jjjGX7iesv9,Anh 35.jpg
18Sy4YxpYpWrjj24YOUM6MOzUyb6klzGs,Anh 47.jpg
1bpNrAkR663uixtAAFZx7uPEbR2Vho746,Anh 45.jpg
1Z2KeNHj-lcTvDG14DtQWIFqg0WhEwweh,Anh 36.jpg
1kMWx6pxXc3uZlPdvyaqXe8GkMns0ETzb,Anh 40b.jpg
1FTJpRRJpD4B9JXAt2Xn93HG6tcesk061,Anh 39.jpg
1T6GkscBT0-JabNZKz-k85Kcm16QSYpdj,Anh 24.jpg
1eHrtcG6FebfAG1ibr5PGQ5Pq4r0acAK4,PL2. DHT 04a.jpg
17W-svRDqowfVf7sDuiSgtMM9qg3kAVvP,PL2. DHT 08a.jpg
1JL2gFt6SAGZKXRZ1iLI2g-kGh_TmEXtt,PL2. DHT 02.jpg
1h4WoFj7KP7_z1SG-pDi2rOrj7v7uYvus,PL2. DHT 07b.jpg
1NoFZy0zqRZC_tSxVReWcnSg_sPtkhKTq,PL2. DHT 04b.jpg
1usPPpZkabB1aifhz8TtFRcgfRzI5J1gY,PL2. DHT 08b.jpg
1lY62JDgG-MapTRhfBPt1Kol7rIgxM_yz,PL2. DHT 07c.jpg
1iTBDUVAcxWuCIT86hsXPbgrbMdwCJdvE,PL2. DHT 07d.jpg
18Df3gILfj1ms4my2Mxvu1Ri20K44WirG,PL2. DHT 03.jpg
1sRAHyZ-CiQ6BVk3kseCtvtf04re2p1W_,PL2. DHT 07a.jpg
145CJS-AF2WILSMEfN2u0QzayMav2pQ7B,PL2. DHT 05.jpg
17azpkpnuvO8nIMtwEc6MC-Xwv3PpjhiF,PL2. DHT 06.jpg
198N1luEZWUdgHmkWGsbbp5b7Y8icVARx,PL2. DHT 01.jpg
13QIVGdx_TGUKRZhbf0Owhxn8-zRj2bVH,PL3 Hieu de 01.jpg
1QqB3pW6lMVaz1fX7coyV5eepbr43BN1G,PL3 Hieu de 11.JPG
1fd8VKGucBCJcvy0WH1Pu0qIndiJnPt70,PL3 Hieu de 03.jpg
1lkAAY1ckWvk9nCAxuDjUxhfRGY7z-3ip,PL3 Hieu de 13.jpg
1cNN2B8hqsi68w8UkCgAWKzlbKinyuiYt,PL3 Hieu de 05.JPG
1V-9YuCkoiMJjBUvvWQwkiGC2LMXRRIpQ,PL3 Hieu de 04.JPG
1sRJTyNi5TJv-b4LVWtTMQ58UKVEq_buU,PL3 Hieu de 09.JPG
1XDEgi4yIA2hPCfl2gaDWTm53eAqijEgI,PL3 Hieu de 06.JPG
13RwPN78Z7q-4gXalWFU4-LcHVEnpbRYY,PL3 Hieu de 07.JPG
1poKFGjEbDP8auOzC-mG6BsjsdNDtyBZV,PL3 Hieu de 12.jpg
1BlBdKp3cs3TUBoRUqqiVRnVNg0DIbVtm,PL3 Hieu de 02.jpg
1KBMCRCChHTsKRxjb7I9imY0WgvdWyz8a,PL3 Hieu de 08.jpg
1K3flEnnJFThaNWVSi4OW3i8ntvzbSlTV,PL3 Hieu de 10.JPG
1CdMBma2LW6ZKfHfFL4arv9RMKY6Nxvio,NPC 05a.jpg
1v8xoU7YI_dOs7eThyHLsux-YrI5uRN5s,NPC 05b.jpg
1ibpXwKY16S__lOS7CgtBhoSzo2J84cVo,NPC 03b.jpg
1oMMZf2X9pRGVvsL16LcSj4bpF2CzBG6l,NPC 02a.jpg
1CWZrKB0h25hgDocgAX9uthHSHh4O2kCB,NPC 01a.jpg
1LUYCACNRYWTj0mdZ4iMy81rte7FDcUAa,NPC 04b.jpg
1hPE3DIcMbhc7VvsCBu4lFFFCrfQZ9qLa,NPC 03a.jpg
1MPSjIFVc6-uYguTwwlG-t7G5O-CjZ5fa,NPC 04a.jpg
1z2B-kiwX4yCswaJ0_HkCON5VQYUk2C8a,NPC 01b.jpg
1LEPrI8k-YLajT7YgAmeFhjPRR-GDK-FN,NPC 02b.jpg
1Cm_Iw8Ob9HvGknUNaQgIzaEnSEYA_NJ5,Khanh_xuan_thi_ta-Saigon.jpg
1N1LQFo9LKIoRJO0YFE7dRNwYVUIEXc9G,IMG_2283.jpg
1mqTn5Jebz2GeW9vJ9S-f6wgmTrzZ2ubc,IMG_2251.jpg
1_rPBN9WBGXB8QTK0m6ccIub2-Hc33Omz,IMG_2250.jpg
12ZXRHVgeulOr42UvCpl8KoOtaKXKpO6M,IMG_2262.jpg
1vXehgPxGhwce8vqs28Qv5XRI26Max6bd,IMG_2276.jpg
1vHA_lyNRQykqylCiOZEDbd48FgF6U1sv,IMG_2264.jpg
1mTgeB8iMZoOctsu2W0_25YgE9RURyTFb,bleu_de_hue.jpg
1RlTf9xPJo4zIE4tT4rLxpZcquBvYuYid,IMG_2266.jpg
1BLdhAl0HubvWkoYa1oWRs8ehRt31abg2,IMG_2246.jpg
1Nga9pDG8LIi2RaogL4UF1M3tO0rXvjJa,a-chinese-blue-and-white-bleu-de-hue-vietnamese-market-bowl-nei-fu-mark-19th-c-1-scaled.jpg
1M0eaNKdJvwEjKMxkIHdS3FvBzGPGnQap,PXL_20230521_060758615.jpg
1vprlwIOespHxVH6m5SqJ8OpFzIXg_bVw,PXL_20230521_060423671.jpg
1jrD7JIgDUtGYTWzE4wVLAZ1RgxDKVVSA,PXL_20230521_060745585.jpg
1U4lrqxLNKJpqazT6VaOaTiewFdN6ZP7A,PXL_20230521_060547377.jpg
1zkH3y1bot-Ux17w37aBhT8ggy-vAi4-I,PXL_20230521_060511716.jpg
1krYh9_naI4YDwS0K0HLGKDQTmQms8QNr,PXL_20230521_060731969.jpg
1_YiwudjGpkxnjJRla8BCl7qH39ONzRN3,PXL_20230521_060431110.jpg
1YB8Kzdf4MiPvvfT6CFDQFXLFfqKNF7YK,PXL_20230521_060806861.jpg
1R8spReZfm7qynvHEYnZrbygm7Dr5Eil0,PXL_20230521_060455602.jpg
1gayz4AbL2VceD26Tq8D0QPNHVX8Oy5QV,PXL_20230521_060350719.jpg
1Jy4NiZDWNyXw_NWgC2U9A5eoeLJrmlzX,PXL_20230521_060802647.jpg
1s82e9kWicYxaVCbwWmNbUL9DLxXMh6wh,PXL_20230521_060738855.jpg
1B8M7GSX-B7u9wNnb2KGR58J5jCFXl7gj,PXL_20230521_060537180.jpg
11N-iAMVLsM5CAxSq_U2BILRp-vlHZvKj,PXL_20230521_060742543.jpg
1hwsm1XMYF2OkHsRmJk9TvzidRUYzoHnm,PXL_20230521_060749119.jpg
1nd2wygrEGrv12ERgjgUKZBlzS1-EmTV3,PXL_20230521_060751641.jpg
1IHlW9pRA9Uw5ej0LBYjIE202OsmvJcQu,PXL_20230521_060346243.jpg
1yVrgEjyB5XOy6tVdQrfLXN7gEF0_v8Dj,PXL_20230521_060421079.jpg
1XuzM3E4BL_PbxtaSYXwAO-BQIMER4vmT,PXL_20230521_060754462.jpg
1PuG34W4-idqudTFP3nmUUaN0PXAwdWmZ,PXL_20230521_060514127.jpg
1ecZJB4EbjKbz-xvFlKBqhL0gvE9f0R3F,PXL_20230521_060452580.jpg
1l_dx5rvTvtHMbektHOfKmwrtGB8CeU8-,PXL_20230521_060736666.jpg
1f-XyY0RtuwUF7vDUSHyEoMgnGAC_hS3S,PXL_20230521_060519825.jpg
1tmOv_wAH9yiSjA4LVoRpLAyKOymO3H3p,PXL_20230521_060416383.jpg
1sZVabfBmAs7VOx8Q0T8Ajgn2dcVLF3iM,PXL_20230521_060358176.jpg
1iQ6U5gtC7K84iEqgNVPa5bel5Jp_HfWp,PXL_20230521_060405561.jpg
11JJamaVNSALcT6siR-jLtZsEDon0slk5,PXL_20230521_060401897.jpg
1gGy6LyavvTseyQ6Efgdcm_JxbUwzGd8F,PXL_20230521_060540290.jpg
1FzlXR5E-CAlNYDtV2hGPsxsb4hXKNeko,PXL_20230521_060516700.jpg
1XRS72e5ZF5Eolf6g6c_3Z6z6jchZBqT4,PXL_20230521_060733883.jpg
1srj610Mr0nf7C9O7X53_Rwtj4bAfXxGX,PXL_20230521_060408527.jpg
14KeAf8-7pgxiUFQ66b2BiFQ7myN98RCF,PXL_20230521_060225696.jpg
1xDJ7-Jsexz6DuKT0ha9EsFOaLnx0JjOp,PXL_20230521_060041311.jpg
1ukmRvu5SK8NrnaHNYgL7t305e7BATxmk,PXL_20230521_055444049.jpg
1E9cPtp7GHzRFVw_HmczKlEkTRF8my_a5,PXL_20230521_060142321.jpg
1sVMLqI1kjhcKA-3hHBkodkKB8cQ_gLcP,PXL_20230521_060312372.jpg
1FOBc3t-Gw1qAe8b8dfs5B0578ASxFFqy,PXL_20230521_060153663.jpg
13FDmpIOQK5KjXVU1KDPR2kVgWxOIpvYc,PXL_20230521_060139738.jpg
187k0yoh2hlFKF0zLlfLakZTophwbFnQi,PXL_20230521_060037362.jpg
1ro-csOpoF-NBGD7ihalXZSQFTlJmNYSm,PXL_20230521_060306763.jpg
1UnI-BHn7Or6YJ1S0SkXJ8fpDpiBEGgYz,PXL_20230521_060322470.jpg
1_r-1hPRVt1Kaf91z1lb3qjxCFfarj5Db,PXL_20230521_060319956.jpg
1D-GROweNxbxDUPwQtX2oLHsdx7vdgYlf,PXL_20230521_060250786.jpg
1at7HdsG6p2CAipdGjnwnAW-zz4Zrkv_d,PXL_20230521_060220976.jpg
1YDTVkimzs8NdwA_42nlKYW70RYDVXsiz,PXL_20230521_060303835.jpg
1on6quH-muFdptNN_27mM6flwhTm812ze,PXL_20230521_060324509.jpg
1PIKWbGxQrWTYq3-vkeQlJ_olESVQHczx,PXL_20230521_060121774.jpg
12Qgf3tlfzUVtqly786IP54CTGpNAx-qp,PXL_20230521_060338584.jpg
1_LwV28_MO5VDZXjDRtORcs6qrHeqQR8n,PXL_20230521_060124621.jpg
1pMikFLiArCGxVLMEpm_VOq4kEjszT7Io,PXL_20230521_060259271.jpg
19pW2kL7UIUBDAdYT_UPev85C1Bt5ReAw,PXL_20230521_060255488.jpg
12Fcx6MVQ402ljXmL1RA7S3hdvNKiDFS9,PXL_20230521_060207102.jpg
1Z4KCMjeuoGOTYtXixm5IJ0IQc7YB3SJc,PXL_20230521_060106194.jpg
1TcqJCB3Z_Tz0J7jZpRi3RpUVP3tyw0SY,PXL_20230521_060316121.jpg
1az93gpu-qIm85mxRuhwICEUdTyuHQjfH,PXL_20230521_060341595.jpg
1zxZeo3U540K74h8qS4qOoLvsilRDA_M3,PXL_20230521_060148741.jpg
1IT27NxN1UAcRUgniwPkFpBY46hsPoAAU,PXL_20230521_060127248.jpg
1B8JsM6hW4oki4iZrT1-uOcMFZjsTGWiH,PXL_20230521_060117242.jpg
1B4XxQdFFna7WjkMg-5PoJi4iTlli0Mpv,PXL_20230521_060119228.jpg
1TaGPzvHNgXd_-bIR_i2GQckebCs8rSay,PXL_20230521_060202564.jpg
1Ti_OnrDcnW8COFGkSkcnYjGF1CTmH3ex,PXL_20230521_060109060.jpg
1e3-ypciKKn4wvMZXwO6dlT6OO5gv-pz9,PXL_20230521_060111688.jpg
1NNEJictV8u9itDM3KuADIS6uSCsC3jr5,PXL_20230521_060032875.jpg
1EdndybJKn3B1XZsAZzDOOFATxfQ3OFgf,PXL_20230521_060247257.jpg
1XCZIfGIDpzq9T9r4l_QGRiXLMsO1eaE9,PXL_20230521_060145826.jpg
17BFhHgrm7GitTkBy8oPPiqXbY46qDNsH,PXL_20230521_060308990.jpg
15jNJdg1fPssXjGRnfvm6hgVtZIZr_og_,PXL_20230521_060157069.jpg
1xzkyGMeOtFz0Yuu2RRUTytECk-OkvKjt,PXL_20230521_060103071.jpg
1M87EMHd1WNx1K8fCBf56uKBbiDl55Kqx,PXL_20230521_060331056.jpg
1IgjZWXjUKdVOXumO6kh1UTELztBZYK0x,PXL_20230521_052558402.jpg
1xRlQ25xgALF-sRXBIE0JVHcTa7RGNK4S,PXL_20230521_055213510.jpg
19ttvRq4MK_qUJDgrxNMhKhOyThX6__bJ,PXL_20230521_055347492.jpg
11MCJVHTGoD4qMCbB04O2Hy_lEdlKGwbl,PXL_20230521_055423843.jpg
1gvOBSsN35xezknxpj1tDD7XyS95_B--6,PXL_20230521_052555807.jpg
1ibqJZf48HGEeSPhOfNM6l11DLq1i2iA_,PXL_20230521_055203822.jpg
1vgv3foZ0OQPnFvcTP3IoQDK3Pn8HObSi,PXL_20230521_052615377.jpg
1AG3eFNDcjVC-aLElMve6SMKUAXB2YHA2,PXL_20230521_052644433.jpg
1RWgU7vWF7ePxmfFNGQNIfLmXIbu_3x-r,PXL_20230521_052602597.jpg
1nxIX-RCl1dQq2jK65xBEGxHxbCjcdAlr,PXL_20230521_055218887.jpg
1vNEwCEVsm2OKSR_2_s7Pg6jp7P8AARt8,PXL_20230521_055249329.jpg
1MykJjFB2sMUD6jegv-DUel6GyqxBPEvw,PXL_20230521_055354468.jpg
1m_9KXtUwEdK7aKP-7v2Bwlse15N4XZYU,PXL_20230521_052639273.jpg
1eE3uJd-oXmFK13amAdGQnsIIk_K4IFFz,PXL_20230521_052619968.jpg
1SJGNAQFPgwUf1E09VuCRvmoGhx3F6JW4,PXL_20230521_052708533.jpg
1RpPfmqmvxQHqR9DnPr5Wtnyb1B2swNph,PXL_20230521_055208272.jpg
1C4Kc8drOuTrO8Vr80v2sAlrw9yOwbeDY,PXL_20230521_052606608.jpg
1q9lqcCobkRlVaGtnbe45G77kzhq3NVvj,PXL_20230521_055240734.jpg
1967j5IZmh5sryd3tVkPMeLeuK80Li6lG,PXL_20230521_055440108.jpg
1hlQ9zmx6PTUkdO1XFB08aL8xdUEbAI9R,PXL_20230521_052648220.jpg
1GB0WZkIy851YkXWIOg2CpPXMDRFbYecr,PXL_20230521_055235723.jpg
1jxlOQlF558XQ4_VZKpH5PhEJAtT3a6Lr,PXL_20230521_055244776.jpg
167In7C_EIu5Y8LP6aLs9oO6FNZLj7lIi,PXL_20230521_055232330.jpg
1Vk-Bz3o0wkcj7LQHDXYxPCeSYz2rNeUm,PXL_20230521_052701930.jpg
1jeHl6vv8Mg-PnExZhzfNzomFtq7hXgid,Khamphahue_BaoTangDoGomKyKieuTrieuNguyen16.jpg
1JyKKs11XUaGsCSUq0wbhSUecwE-x3OtJ,Chon_Khamphahue_BaoTangDoGomKyKieuTrieuNguyen45.jpg
1L5G4VqlW66zQhfuFfIvWuvOfeN03KbIN,Khamphahue_BaoTangDoGomKyKieuTrieuNguyen18.jpg
1eemlMS1VdBZljmGXJAwdJ-VKHnZFhHm_,Khamphahue_BaoTangDoGomKyKieuTrieuNguyen34.jpg
1A3aJIMmvXVDChha1ZnAkIC09OuqFpQmE,Chon_Khamphahue_BaoTangDoGomKyKieuTrieuNguyen3.jpg
1GVM_KM2YRinFfORQAzGLxjQk-8lZJ3QR,H0900-L327374658_original.jpg
1iNzPhGfDkwl3c6q5Lyg4wwpXfHRzW7Mb,H0900-L327374653_original.jpg
1yAW9NvYej6HFV2xssEAWchUscJNjOYMv,lăng Thoại Ngọc Hầu - thời vua Minh Mạng - Lương Chánh Tòng.jpg
1BSnrZlkk8-8md4u1wO7u7zstXjUy-PXP,bo-suu-tap-vo-gia-do-gom-su-cua-cac-vua-nha-nguyen-Hinh-4.jpg
18WnS83UVs-wRZImDOszVPVHdq913etmi,bo-suu-tap-vo-gia-do-gom-su-cua-cac-vua-nha-nguyen-Hinh-5.jpg
1ReG2Ht4_b7VHC7CErjk_P63Jq1mEAOYo,bo-suu-tap-vo-gia-do-gom-su-cua-cac-vua-nha-nguyen-Hinh-3.jpg
1UUEWd13RLTr-l9gp5ER9z0y9iDIDoxdL,bo-suu-tap-vo-gia-do-gom-su-cua-cac-vua-nha-nguyen-Hinh-6.jpg
17GIos4wz7WdVu2t11bWP5z1iTvHg1QE-,bo-suu-tap-vo-gia-do-gom-su-cua-cac-vua-nha-nguyen-Hinh-8.jpg
1o7ZFZg44v3Vk9c6WtTxy98jL-GmIF28T,bo-suu-tap-vo-gia-do-gom-su-cua-cac-vua-nha-nguyen-Hinh-9.jpg
1_W6ePuK7cjzQGh55oWRJR2V98sVqR_xP,cvth20130103e4785985-4385-4bbf-898c-ef92db960a0e.jpg
17M-Dnxk_dfuY0Q2oH5-h19ebXNgteSNL,cvth20130103c2eeae1f-c57b-4414-8c62-03156181efd3.jpg
1oN4vp2TLf_WtUlSvtqCHbzgr2HeiARzo,cvth2013010318b0dc8d-4628-4fa0-b275-2f1e2c43a389.jpg
1K46OPoydgchayekcGO6WLQpO-avmt6_n,cvth20130103eacb15fd-90ea-4fde-860c-53a92813cb1e.jpg
1e6vd-5kVlmvFCv96uIy8xNbT_T71Sgmx,cvth201301030cbcfa37-a887-4cc0-aeeb-1bd3598a9904.jpg
1DJuAsYEgoV6Ov026QoCEG9tiUlayE3zs,12.jpg
1WkS9Jt2o6xGU2hOSZ737Dyy0ryr2Br8J,8.jpg
1txVS5v29JKYkD7GZDTIKsnPMJXoQAyg7,7.jpg
1VystjKokymFOrSGKdKh06hipccFOvqbg,10.jpg
1xkj5HPNybfXMDJ7_CnnLaG54RTT5Gh22,4.jpg
1D8KoVmdqHz8ia_uCC__hY3YfngItgsZ-,16.jpg
1pZ67K__WhUa4HV4579nVgIMWBN1MhopO,3.jpg
1-VPO7ILkV9ZEVchkW1-VOqhcmozLPp2t,14.jpg
1rt2w8SC6Q4poF8NMCT1xI6AvfqvpPXEp,11.jpg
15_hP47NAo1jJnMARhk-1YwtUJPxcJ8wU,15.jpg
1zpudLpMLd6NBd-am1FaFxQUQx5IQClQS,18.jpg
1jGKTeG7lUEPeWVsxDO1XmefrQ1DvpbFR,1.jpg
1-LOwc4NMClVYI5LBILDCohKW0CrZdjMT,5.jpg
1bgl3m2m1IOXORg7wH745NIhdPbA9_NHw,9.jpg
1I6KdFM_ZaiDDRYCH5udRa6HyuakCjYt3,19.jpg
1oSt9XspQsV63k0WT0dFaQYlndjlVgIgJ,13.jpg
1VUgQx0FKk750gV6OEaTxm2qxUrWALvA0,6.jpg
1x7zZWRHz-Yq0wbxHC3oNKwqCe5W6FGCG,2.jpg
17hobqKKsedyVB1QLseRTcOoYxehkX_OC,8_TILP.jpg
1xhtWad1TT5Pn426PJYpXgISuwU0adAuT,dia_WIKL.jpg
1xXHA22edK23ZX_0A91iu0pbn72C6Oc99,7_IUMV.jpg
1ppSk64Q5xwwWqpZPjxdFxB7MxcvWXhzT,317723371_10162205298974377_2458647444947795226_n.jpg
1zQ-1TGvmsJIp2i75doZJfzSZFAChuBdG,317582106_10162205299794377_7893150798652211117_n.jpg
1NVweqGZD2NLA51-kB0MvGkZMne7CL3Uh,image (10).jpg
1WELsS97QjdDIOnrW5P9UNckhk_kqryei,image (6).jpg
1ffQKxkTExP4MoZZGRqiKtv5WSQvs1MLC,image (15).jpg
1WZvQDraycWssZgKLPgcPMmXJ5pBhzNNo,image (5).jpg
16VNl3B9FsoBCWYPU1YuE43IpZJfXAIUF,image (8).jpg
19FOLefInRKR5-ihGGimGddf7nvpCXzKR,image (3).jpg
1wJwDKNLTyci9eAO4xdFsILns26RsoXVf,image (4).jpg
1bBvtCYNxw6mgqN31SXkUZSZ8NX4fvhSl,image (7).jpg
13wIstoDw1wpoH9842aamYsNVbpzx80ty,image (2).jpg
1PiJe2h37McI7NVDnnwk8xgC_T78aqVkn,image (13).jpg
1DjPvhcnEtlVJ2zkygEfeXKSqrRbuO0EP,image (12).jpg
1OsBrD2My0nojDiLGbrPOvX2Hc1N6KcrY,image (11).jpg
1Wx4qdWnf44bJUbkia6Y66CYyLXrR6DcH,image (9).jpg
1InAhg_m5FtJaIMuYBESaFzszyHCi1Vn5,image (1).jpg
1LxmAQjS-jqbBq32GT__3wBMebX2WMXQh,image (14).jpg
1NDILbz113nM4yGhJWL6YO6jzWmNFZIIm,image.jpg
